x1,x2,classe
51,25,0
92,88,1
14,59,0
71,40,1
60,28,0
20,14,0
82,44,1
86,64,1
74,88,1
74,70,1
87,8,0
99,87,1
23,0,0
2,7,0
21,87,1
52,62,1
1,10,0
87,80,1
29,7,0
37,34,0
1,34,0
63,32,0
59,4,0
20,40,0
32,27,0
75,6,0
57,72,1
21,71,0
88,11,0
48,33,0
90,32,1
58,47,1
41,22,0
91,61,1
59,87,1
79,36,1
14,98,1
61,43,1
61,85,1
46,90,1
61,34,0
50,64,1
54,98,1
63,46,1
2,77,0
50,2,0
6,0,0
20,4,0
72,89,1
38,13,0
17,26,0
3,8,0
88,78,1
59,14,0
13,89,1
8,41,0
89,76,1
52,50,1
1,62,0
83,95,1
91,51,1
59,95,1
70,3,0
43,93,1
7,22,0
46,14,0
34,42,0
77,28,1
80,35,1
35,12,0
49,31,0
3,70,0
1,58,0
5,85,0
53,27,0
3,65,0
53,41,0
92,44,1
62,61,1
17,56,0
89,5,0
43,27,0
33,27,0
73,43,1
61,83,1
99,29,1
13,61,0
94,74,1
47,91,1
14,88,1
71,61,1
77,96,1
86,0,0
61,26,0
39,61,0
84,76,1
79,2,0
81,69,1
52,71,1
23,26,0
